,index,MLS,address,Property_info,area_sqft,bed_num,bath_num,asking_price,price_change,listing_entered,seller_info
0,0, R2836804,21539 85A COURT,House,2394,3,3,1548800,,2023-12-08 00:00:00,Emily Oh Realty
1,1, R2836817,21256 93A AVENUE,House,2661,6,3,1999900,,2023-12-08 00:00:00,Stonehaus Realty Corp.
2,2, R2836928,# 11 7635 198B STREET,Townhouse,2123,4,4,1159900,,2023-12-08 00:00:00,eXp Realty
3,3, R2833095,20414 71B AVENUE,House,3603,7,6,2249000,2023-11-17 00:00:00,2023-12-08 00:00:00,eXp Realty (Branch)
4,4, R2829545,23281 34A AVENUE,House,2540,4,3,1649000,2023-11-02 00:00:00,2023-12-08 00:00:00,Royal LePage - Wolstencroft
5,5, R2836681,19950 46 AVENUE,House,3626,5,4,1849000,,2023-12-08 00:00:00,Sutton Group-West Coast Realty (Abbotsford)
6,6, R2836768,4444 203 STREET,House,6110,9,9,2899900,,2023-12-07 00:00:00,Royal LePage Global Force RealtySutton Group-West Coast Realty (Surrey/120)
7,7, R2836763,# 9 20582 67 AVENUE,House,2105,4,4,1099000,,2023-12-07 00:00:00,RE/MAX All Points Realty
8,8, R2836623,# 35 7670 207 STREET,Townhouse,2138,4,4,1090000,,2023-12-07 00:00:00,RE/MAX Performance Realty
9,9, R2836235,7801 211B STREET,UnauthorizedSuite,2393,4,4,1299888,,2023-12-07 00:00:00,Woodhouse Realty
10,10, R2836466,19879 72ND AVENUE,House,2427,4,4,1499000,,2023-12-07 00:00:00,Woodhouse Realty
11,11, R2836302,6832 197 STREET,House,3653,6,4,1799888,,2023-12-07 00:00:00,Sutton Group-West Coast Realty (Surrey/24)
12,12, R2831858,# 17 21848 50 AVENUE,Townhouse,1970,2,3,1048000,2023-11-14 00:00:00,2023-12-07 00:00:00,RE/MAX Treeland Realty
13,13, R2836058,9305 204 STREET,House,2598,4,3,1580000,,2023-12-06 00:00:00,RE/MAX Lifestyles Realty (Langley)RE/MAX Lifestyles Realty (Langley)Homelife Benchmark Realty Corp.
14,14, R2835915,19762 75B AVENUE,House,2719,5,4,1714285,,2023-12-06 00:00:00,Sutton Premier Realty
15,15, R2835897,20150 27A AVENUE,House,5880,9,9,2749000,,2023-12-06 00:00:00,Planet Group Realty Inc.
16,16, R2836381,# 47 9235 MCBRIDE STREET,Townhouse,3291,4,4,1775000,,2023-12-06 00:00:00,Macdonald Realty (Langley)
17,17, R2836569,20432 83B AVENUE,House,3534,5,4,1988850,,2023-12-06 00:00:00,Royal LePage West Real Estate Services
18,18, R2836591,1750 196 STREET,House,1795,3,2,2068300,,2023-12-06 00:00:00,Keller Williams Elite Realty
19,19, R2836618,# 3 7635 198B STREET,Townhouse,1787,4,4,1099000,,2023-12-06 00:00:00,Team 3000 Realty Ltd.
20,0, R2835203,# 19 7686 209 STREET,Townhouse,1900,4,4,1039900,2023-11-28 00:00:00,2023-12-06 00:00:00,Dracco Pacific Realty
21,1, R2835248,7267 199A STREET,House,2428,5,4,1459000,2023-11-28 00:00:00,2023-12-05 00:00:00,Nu Stream Realty Inc.
22,2, R2836290,5858 242 STREET,House,2401,5,3,2350000,,2023-12-05 00:00:00,eXp Realty (Branch)
23,3, R2836249,3126 271 STREET,House,1000,3,2,1385000,,2023-12-05 00:00:00,Nationwide Realty Corp.
24,4, R2836000,3278 264A STREET,House,1944,3,3,1199900,,2023-12-05 00:00:00,Century 21 Creekside Realty (Luckakuck)
25,5, R2811452,6531 WILLOUGHBY WAY,House,2079,6,3,1499000,2023-09-05 00:00:00,2023-12-05 00:00:00,eXp Realty (Branch)
26,6, R2822447,24872 59 AVENUE,House,3378,4,3,2299000,2023-10-10 00:00:00,2023-12-04 00:00:00,Royal LePage - Wolstencroft
27,7, R2835984,20431 42A AVENUE,House,2740,5,3,1525000,,2023-12-04 00:00:00,RE/MAX Treeland Realty
28,8, R2829640,20121 48 AVENUE,House,2540,4,4,1399900,2023-11-01 00:00:00,2023-12-04 00:00:00,Century 21 Creekside Realty (Luckakuck)
29,9, R2833917,21268 93A AVENUE,House,1942,3,3,1299000,2023-11-21 00:00:00,2023-12-01 00:00:00,Rennie & Associates Realty Ltd.
30,10, R2816188,20565 46B AVENUE,House,4807,5,6,2624000,2023-09-15 00:00:00,2023-12-01 00:00:00,Royal Lepage Wheeler Cheam
31,11, R2835856,20432 78A AVENUE,House,2767,5,4,1698880,,2023-12-01 00:00:00,Royal LePage Little Oak Realty
32,12, R2835786,# 33 20155 84TH AVENUE,Townhouse,2214,4,4,1185900,,2023-12-01 00:00:00,Homelife Benchmark Titus Realty
33,13, R2835737,3538 198A STREET,House,2520,4,3,1850000,,2023-12-01 00:00:00,RE/MAX Treeland Realty
34,14, R2835735,21219 95A AVENUE,House,2654,4,3,1325000,,2023-12-01 00:00:00,Homeland Realty
35,15, R2835692,20543 70A AVENUE,House,4886,8,7,2299000,,2023-12-01 00:00:00,eXp Realty
36,16, R2835597,19658 76A AVENUE,House,2793,5,4,1698000,,2023-12-01 00:00:00,Breakside Real Estate Group
37,17, R2835548,9105 CRICKMER COURT,House,2722,3,3,1900000,,2023-12-01 00:00:00,Lighthouse Realty Ltd.
38,18, R2835639,19635 75 AVENUE,House,2697,4,4,1499000,,2023-11-30 00:00:00,Sutton Group-West Coast Realty
39,19, R2835634,193 208 STREET,HousewithAcreage,4403,5,3,2749000,,2023-11-30 00:00:00,Royal LePage - Wolstencroft
40,0, R2835468,20081 46A AVENUE,House,2116,5,3,1350000,,2023-11-30 00:00:00,Royal LePage Fairstone Realty.
41,1, R2835431,3352 273B STREET,House,2504,6,3,1300000,,2023-11-30 00:00:00,eXp Realty (Branch)
42,2, R2834539,19671 75 AVENUE,House,2697,5,4,1620000,,2023-11-30 00:00:00,Sutton Premier Realty
43,3, R2824070,27328 26B AVENUE,House,1734,4,3,1095000,2023-10-12 00:00:00,2023-11-30 00:00:00,Royal LePage - Wolstencroft
44,4, R2824274,21010 72 AVENUE,House,4115,9,7,1999800,2023-10-12 00:00:00,2023-11-29 00:00:00,Homelife Benchmark Realty Corp.
45,5, R2835410,21131 80 AVENUE,FreeholdNonStrata,2261,3,4,1198000,,2023-11-29 00:00:00,Stilhavn Real Estate Services
46,6, R2835449,4013 204A STREET,House,2813,4,4,2100000,,2023-11-29 00:00:00,Royal LePage Northstar Realty (S. Surrey)Macdonald Realty (Langley)
47,7, R2828867,24191 65 AVENUE,HousewithAcreage,2936,4,3,2348000,2023-10-31 00:00:00,2023-11-29 00:00:00,Homelife Benchmark Realty (Langley) Corp.
48,8, R2835365,21553 46B AVENUE,House,2908,5,3,1679900,,2023-11-29 00:00:00,RE/MAX Treeland Realty
49,9, R2835071,4641 198C STREET,House,1930,4,2,1285000,,2023-11-29 00:00:00,Royal LePage - Wolstencroft
50,10, R2835139,21037 77 AVENUE,House,2560,5,4,1449898,,2023-11-28 00:00:00,Woodhouse Realty
51,11, R2834930,7003 201A STREET,House,2592,5,4,1425000,,2023-11-28 00:00:00,Royal LePage - Wolstencroft
52,12, R2834869,# 105 20498 82 AVENUE,Townhouse,2286,3,4,1098800,,2023-11-28 00:00:00,Royal LePage - Wolstencroft
53,13, R2814527,20277 36 AVENUE,House,2357,5,2,1490900,2023-09-14 00:00:00,2023-11-28 00:00:00,Keller Williams Ocean Realty
54,14, R2828912,20291 GRADE CRESCENT,House,2132,4,3,1299000,2023-10-31 00:00:00,2023-11-28 00:00:00,SRS Panorama Realty
55,15, R2818417,23048 64 AVENUE,HousewithAcreage,1935,3,3,2949999,2023-09-22 00:00:00,2023-11-28 00:00:00,RE/MAX Treeland Realty
56,16, R2834752,9550 212B STREET,House,2529,5,3,1328000,,2023-11-27 00:00:00,Century 21 Creekside Realty (Luckakuck)
57,17, R2834743,19661 74 AVENUE,OtherSuite,2485,5,5,1329888,,2023-11-27 00:00:00,Century 21 AAA Realty Inc.
58,18, R2834738,# 9 24455 61 AVENUE,House,5310,5,5,2695000,,2023-11-27 00:00:00,Oakwyn Realty Ltd.
59,19, R2834609,19684 42 AVENUE,House,2389,4,3,1599000,,2023-11-27 00:00:00,RE/MAX Colonial Pacific Realty
60,0, R2834592,3268 198 STREET,House,5251,6,6,2680000,,2023-11-27 00:00:00,RE/MAX 2000 Realty
61,1, R2834568,6825 205 STREET,House,4528,7,7,2250000,,2023-11-27 00:00:00,Sutton Group-West Coast Realty (Abbotsford)
62,2, R2834564,26688 33 AVENUE,House,2252,6,3,1349000,,2023-11-24 00:00:00,RE/MAX City Realty
63,3, R2834508,5414 240TH STREET,HousewithAcreage,1949,4,4,1899900,,2023-11-24 00:00:00,Stonehaus Realty Corp.
64,4, R2830874,4657 208A STREET,House,2769,4,3,1399998,2023-11-07 00:00:00,2023-11-24 00:00:00,Keller Williams Realty VanCentral
65,5, R2824119,3811 202 STREET,House,3467,6,4,1925000,2023-10-13 00:00:00,2023-11-24 00:00:00,Oakwyn Realty Ltd. (Branch)
66,6, R2832439,21572 47A AVENUE,House,3687,7,4,1598000,2023-11-16 00:00:00,2023-11-24 00:00:00,RE/MAX Treeland Realty
67,7, R2828649,3357 270A STREET,House,1807,4,2,1098000,2023-10-30 00:00:00,2023-11-24 00:00:00,Royal LePage - Wolstencroft
68,8, R2828267,5697 248 STREET,House,2304,4,3,1649999,2023-10-31 00:00:00,2023-11-23 00:00:00,Royal LePage - Wolstencroft
69,9, R2828842,19636 41A AVENUE,House,2453,4,3,1495000,2023-10-30 00:00:00,2023-11-23 00:00:00,Park Georgia Realty Ltd.Royal LePage Global Force RealtyRoyal LePage Global Force Realty
70,10, R2828469,20330 40A AVENUE,House,1050,3,1,1338000,2023-10-30 00:00:00,2023-11-23 00:00:00,Century 21 AAA Realty Inc.
71,11, R2831608,26496 30A AVENUE,House,1900,3,3,1049900,2023-11-10 00:00:00,2023-11-23 00:00:00,RE/MAX Aldercenter Realty
72,12, R2834447,9454 KANAKA STREET,House,3197,5,4,1799500,,2023-11-23 00:00:00,Macdonald Realty (Langley)
73,13, R2834415,4531 199 STREET,House,1655,3,2,1385000,,2023-11-23 00:00:00,eXp Realty (Branch)
74,14, R2834379,6823 206 STREET,House,4762,6,6,1699800,,2023-11-23 00:00:00,Royal LePage - Wolstencroft
75,15, R2834378,5072 223B STREET,House,3337,4,3,1525000,,2023-11-23 00:00:00,RE/MAX Colonial Pacific Realty
76,16, R2834374,19679 68A AVENUE,House,3770,6,5,1749900,,2023-11-23 00:00:00,RE/MAX Treeland Realty
77,17, R2826587,21627 93 AVENUE,House,4477,6,4,1858900,2023-10-24 00:00:00,2023-11-23 00:00:00,Homelife Benchmark Realty (Langley) Corp.
78,18, R2830877,20950 95A AVENUE,House,1943,3,3,1299000,2023-11-14 00:00:00,2023-11-22 00:00:00,Royal LePage Little Oak Realty
79,19, R2777095,6471 267 STREET,HousewithAcreage,1837,3,4,2400000,2023-05-16 00:00:00,2023-11-22 00:00:00,Coldwell Banker Marquise Realty
80,0, R2829364,6873 198B STREET,House,3335,6,4,1649000,2023-11-01 00:00:00,2023-11-22 00:00:00,RE/MAX Crest Realty
81,1, R2834260,19920 72 AVENUE,House,2965,5,4,1349900,,2023-11-22 00:00:00,Engel & Volkers Vancouver
82,2, R2834226,21006 92 AVENUE,House,1925,3,3,1299000,,2023-11-22 00:00:00,RE/MAX Treeland Realty
83,3, R2834150,3349 273 STREET,House,3897,6,4,1599900,,2023-11-22 00:00:00,RE/MAX Treeland Realty
84,4, R2834144,27015 25 AVENUE,House,1815,3,2,1339000,,2023-11-22 00:00:00,RE/MAX Aldercenter Realty
85,5, R2833721,# 13 7059 210 STREET,Townhouse,3116,3,4,1469000,,2023-11-22 00:00:00,Royal LePage - Wolstencroft
86,6, R2823050,21067 78A AVENUE,House,3038,5,4,1698000,2023-10-10 00:00:00,2023-11-21 00:00:00,Regent Park Realty Inc.
87,7, R2833856,2421 WAYBURNE CRESCENT,House,2466,5,3,1250000,,2023-11-21 00:00:00,1NE Collective Realty Inc.
88,8, R2834005,20545 77A AVENUE,House,3469,4,4,1979900,,2023-11-21 00:00:00,Laboutique Realty
89,9, R2833980,19628 68 AVENUE,House,3217,5,4,1499800,,2023-11-21 00:00:00,Real Broker
90,10, R2833943,19718 33 AVENUE,House,5761,9,8,2875000,,2023-11-21 00:00:00,Saba Realty Ltd.
91,11, R2833900,27021 24 AVENUE,House,4966,4,5,1599900,,2023-11-21 00:00:00,Homelife Advantage Realty (Central Valley) Ltd.
92,12, R2833871,21040 95A AVENUE,House,2008,4,3,1399999,,2023-11-21 00:00:00,RE/MAX Treeland Realty
93,13, R2833673,# 56 19932 70 AVENUE,Townhouse,2100,3,4,1025000,,2023-11-20 00:00:00,Oakwyn Realty Ltd.
94,14, R2833489,# 20 20680 76B AVENUE,House,2468,4,4,1329900,,2023-11-20 00:00:00,Fifth Avenue Real Estate Marketing Ltd.
95,15, R2833274,2537 WILDING CRESCENT,House,1886,4,3,1199900,,2023-11-20 00:00:00,Emily Oh Realty
96,16, R2833504,20424 90A AVENUE,House,4059,4,4,1750000,,2023-11-20 00:00:00,Stonehaus Realty Corp.
97,17, R2833514,26440 29 AVENUE,House,1693,3,2,1299999,,2023-11-20 00:00:00,Jovi Realty Inc.
98,18, R2833536,27591 40TH AVENUE,HousewithAcreage,5275,5,4,1999000,,2023-11-20 00:00:00,The Agency VancouverBrendan Shaw Real Estate Ltd. (AOIR)
99,19, R2826403,21657 50B AVENUE,House,3407,5,6,1599000,2023-10-20 00:00:00,2023-11-20 00:00:00,Royal LePage - Wolstencroft
100,0, R2825852,# 33 21867 50 AVENUE,Townhouse,2149,4,4,1048000,2023-10-18 00:00:00,2023-11-20 00:00:00,RE/MAX Treeland Realty
101,1, R2825284,# 9 7967 197 STREET,Townhouse,1500,3,3,1000000,2023-10-17 00:00:00,2023-11-20 00:00:00,eXp Realty (Branch)
102,2, R2799210,19916 38A AVENUE,House,975,2,1,1549000,2023-07-18 00:00:00,2023-11-20 00:00:00,SRS Hall of Fame Realty
103,3, R2819910,20569 71 AVENUE,House,5003,6,6,2599900,2023-09-27 00:00:00,2023-11-20 00:00:00,Stonehaus Realty Corp.
104,4, R2833282,19984 53 AVENUE,House,1122,3,1,1275000,,2023-11-17 00:00:00,RE/MAX 2000 Realty
105,5, R2833236,5014 201 STREET,House,2087,5,3,1399000,,2023-11-17 00:00:00,HomeLife Advantage Realty Ltd
106,6, R2833228,4814 201 STREET,House,4527,7,4,2490000,,2023-11-17 00:00:00,Stonehaus Realty Corp.
107,7, R2833146,2781 272 STREET,House,3569,6,4,1349888,,2023-11-17 00:00:00,Sutton Group-Alliance R.E.S.
108,8, R2832881,20070 27A AVENUE,House,4806,8,6,2599900,,2023-11-17 00:00:00,Real Broker B.C. Ltd.
109,9, R2833026,20165 27 AVENUE,House,5383,9,8,2549999,,2023-11-17 00:00:00,RE/MAX Blueprint Realty
110,10, R2833019,19707 31A AVENUE,House,6175,8,9,2788000,,2023-11-17 00:00:00,Royal LePage Global Force Realty
111,11, R2829318,26562 60 AVENUE,HousewithAcreage,1694,4,2,2249000,2023-11-01 00:00:00,2023-11-17 00:00:00,Lighthouse Realty Ltd.
112,12, R2828579,22941 78 AVENUE,House,1604,3,2,1988000,2023-10-30 00:00:00,2023-11-17 00:00:00,Royal LePage Regency Realty
113,13, R2829733,# 1 23809 OLD YALE ROAD,House,4590,6,5,1939000,2023-11-02 00:00:00,2023-11-16 00:00:00,Sutton Group-West Coast Realty (Abbotsford)
114,14, R2827040,# 13 19749 55 AVENUE,Townhouse,1758,4,4,1029000,2023-10-23 00:00:00,2023-11-16 00:00:00,Stonehaus Realty Corp.
115,15, R2829734,# 2 23809 OLD YALE ROAD,House,4376,6,5,2029000,2023-11-02 00:00:00,2023-11-16 00:00:00,Sutton Group-West Coast Realty (Abbotsford)
116,16, R2832522,5086 204 STREET,House,3566,4,3,1490000,,2023-11-16 00:00:00,Royal LePage - Wolstencroft
117,17, R2833075,19644 76B AVENUE,House,2803,5,4,1698000,,2023-11-16 00:00:00,Breakside Real Estate Group
118,18, R2832988,26770 30 AVENUE,House,2000,3,3,1318000,,2023-11-16 00:00:00,Royal LePage West Real Estate Services
119,19, R2832925,# 44 20189 84 AVENUE,Townhouse,1613,3,3,1099999,,2023-11-16 00:00:00,RE/MAX LIFESTYLES REALTY
120,0, R2832877,20062 27A AVENUE,House,4806,8,6,2599900,,2023-11-16 00:00:00,Real Broker B.C. Ltd.
121,1, R2832303,4461 203 STREET,House,1414,3,1,1380000,,2023-11-15 00:00:00,Royal LePage - Wolstencroft
122,2, R2832816,20517 76 AVENUE,OtherSuite,2287,4,4,1559900,,2023-11-15 00:00:00,Royal LePage Northstar Realty (S. Surrey)
123,3, R2832801,20512 76A AVENUE,OtherSuite,2855,3,4,1574900,,2023-11-15 00:00:00,Royal LePage Northstar Realty (S. Surrey)
124,4, R2832761,20605 48 AVENUE,House,1996,4,2,1149999,,2023-11-15 00:00:00,HouseSigma Inc.
125,5, R2832745,# 202 9190 CHURCH STREET,Apartment,1456,2,3,1300000,,2023-11-15 00:00:00,RE/MAX Treeland Realty
126,6, R2832560,8516 205B STREET,House,3764,6,5,2225000,,2023-11-15 00:00:00,Top Vision Realty Inc.
127,7, R2820029,20428 97A AVENUE,House,2904,4,3,1588800,2023-09-28 00:00:00,2023-11-15 00:00:00,eXp Realty (Branch)
128,8, R2804047,19877 48 AVENUE,House,1826,5,3,1349900,2023-08-11 00:00:00,2023-11-15 00:00:00,Performance Power Play Realty
129,9, R2832265,# 507 8526 202B STREET,Apartment,1333,3,2,1113000,,2023-11-14 00:00:00,RE/MAX Crest Realty
130,10, R2831954,20519 76 AVENUE,NewlyBuilt,2287,4,4,1398900,,2023-11-14 00:00:00,Royal LePage Northstar Realty (S. Surrey)
131,11, R2832291,# 1 23165 OLD YALE ROAD,House,2739,3,5,1999900,,2023-11-14 00:00:00,RE/MAX Treeland Realty
132,12, R2832080,# 103 7947 209 STREET,Townhouse,1916,4,4,1155000,,2023-11-14 00:00:00,RE/MAX Select Realty
133,13, R2760490,20520 76A AVENUE,OtherSuite,2855,4,4,1489900,2023-03-17 00:00:00,2023-11-14 00:00:00,Royal LePage Northstar Realty (S. Surrey)
134,14, R2829565,19683 76A AVENUE,House,2793,5,4,1639900,2023-11-02 00:00:00,2023-11-14 00:00:00,Woodhouse Realty
135,15, R2822828,# 28 20326 68 AVENUE,Townhouse,2173,4,4,1099900,2023-10-10 00:00:00,2023-11-13 00:00:00,Team 3000 Realty Ltd.
136,16, R2823012,5341 236 STREET,HousewithAcreage,4001,5,4,1899999,2023-10-10 00:00:00,2023-11-10 00:00:00,RE/MAX Treeland Realty
137,17, R2825165,4467 202 STREET,House,2041,3,3,1339000,2023-10-17 00:00:00,2023-11-10 00:00:00,Stonehaus Realty Corp.
138,18, R2826832,7051 196B STREET,House,3681,6,4,1749000,2023-10-23 00:00:00,2023-11-10 00:00:00,eXp Realty
139,19, R2831904,7279 199 STREET,House,3683,6,5,1799900,,2023-11-10 00:00:00,Pacific Evergreen Realty Ltd.
140,0, R2831854,4870 214A STREET,House,2648,5,3,1899500,,2023-11-10 00:00:00,Momentum Realty Inc.
141,1, R2831780,975 254 STREET,HousewithAcreage,3980,3,2,2175000,,2023-11-10 00:00:00,Homelife Benchmark Realty (Langley) Corp.
142,2, R2831779,19707 32A AVENUE,House,5656,8,7,2399999,,2023-11-10 00:00:00,City 2 City Real Estate Services Inc.
143,3, R2831760,23760 68 AVENUE,ManufacturedwithLand,1940,4,3,1988888,,2023-11-10 00:00:00,Planet Group Realty Inc.
144,4, R2831494,23124 96 AVENUE,House,902,2,1,2100000,,2023-11-10 00:00:00,RE/MAX Treeland Realty
145,5, R2831398,3217 197A STREET,House,5452,8,9,2299999,,2023-11-10 00:00:00,RE/MAX Dream Home Realty
146,6, R2831072,20585 46 AVENUE,House,2705,4,3,1549000,,2023-11-09 00:00:00,Royal LePage - Wolstencroft
147,7, R2831257,20485 97A AVENUE,House,2552,4,3,1598800,,2023-11-09 00:00:00,Royal LePage - Wolstencroft
148,8, R2831322,2262 WILLOUGHBY WAY,House,2750,6,3,1349999,,2023-11-09 00:00:00,Royal LePage West Real Estate Services
149,9, R2831395,7081 196A STREET,House,3725,6,5,1599000,,2023-11-09 00:00:00,eXp Realty (Branch)
150,10, R2831529,3916 240 STREET,HousewithAcreage,1260,3,3,2900000,,2023-11-09 00:00:00,Royal LePage - Wolstencroft
151,11, R2831598,# 80 7670 207 STREET,Townhouse,2137,4,4,1099900,,2023-11-09 00:00:00,Fifth Avenue Real Estate Marketing Ltd.
152,12, R2825740,5031 208A STREET,House,3293,6,3,1599000,2023-10-18 00:00:00,2023-11-09 00:00:00,Homelife Benchmark Realty (Langley) Corp.
153,13, R2825589,20547 98 AVENUE,House,2259,3,3,1598000,2023-10-17 00:00:00,2023-11-09 00:00:00,Luxmore Realty
154,14, R2817400,2954 267A STREET,House,2000,3,1,1049000,2023-09-20 00:00:00,2023-11-09 00:00:00,RE/MAX Aldercenter Realty
155,15, R2831326,26943 26 AVENUE,House,2590,5,3,1499900,,2023-11-08 00:00:00,Performance Power Play Realty
156,16, R2831161,27516 28 AVENUE,House,2157,3,3,1250000,,2023-11-08 00:00:00,Lighthouse Realty Ltd.
157,17, R2831432,# 78 7670 207 STREET,Townhouse,2080,3,4,1099900,,2023-11-08 00:00:00,Fifth Avenue Real Estate Marketing Ltd.
158,18, R2831033,6109 256 STREET,HousewithAcreage,4227,4,3,2499900,,2023-11-08 00:00:00,Royal LePage - Wolstencroft
159,19, R2830880,# 19 9025 216 STREET,Townhouse,1976,3,3,1075000,,2023-11-07 00:00:00,Royal LePage - Wolstencroft
160,0, R2830744,22152 96 AVENUE,HousewithAcreage,3826,4,5,2899000,,2023-11-07 00:00:00,RE/MAX Treeland Realty
161,1, R2830724,21886 64 AVENUE,House,1857,3,2,1649800,,2023-11-07 00:00:00,Royal LePage - Wolstencroft
162,2, R2830747,2459 WAYBURNE CRESCENT,House,1613,3,3,1048000,,2023-11-06 00:00:00,Sutton Group - 1st West Realty
163,3, R2830503,21956 45 AVENUE,House,4041,6,6,2695000,,2023-11-06 00:00:00,Royal LePage Global Force Realty
164,4, R2830359,7821 197 STREET,House,3545,7,6,1799999,,2023-11-06 00:00:00,Team 3000 Realty Ltd.
165,5, R2830301,7696 211A STREET,House,4019,6,6,1795800,,2023-11-06 00:00:00,Homelife Benchmark Realty (Langley) Corp.
166,6, R2830294,3139 207A STREET,HousewithAcreage,1917,4,5,2399000,,2023-11-03 00:00:00,Royal LePage - Wolstencroft
167,7, R2830206,2620 270B STREET,House,5584,10,9,2298888,,2023-11-03 00:00:00,Nationwide Realty Corp.
168,8, R2830112,27188 28B AVENUE,House,2018,2,2,1450000,,2023-11-03 00:00:00,Royal LePage - Wolstencroft
169,9, R2830060,# 79 8217 204B STREET,House,2774,6,5,1288000,,2023-11-03 00:00:00,Emily Oh Realty
170,10, R2829888,3851 201 STREET,House,1902,4,2,1549999,,2023-11-03 00:00:00,Century 21 Coastal Realty Ltd.
171,11, R2829839,3625 202 STREET,House,2138,4,3,1489000,,2023-11-03 00:00:00,Sutton Group-West Coast Realty (Surrey/24)
172,12, R2829824,21616 18 AVENUE,House,2148,5,3,1299000,,2023-11-03 00:00:00,Royal LePage - Wolstencroft
173,13, R2824948,20966 95A AVENUE,House,1743,3,3,1298000,2023-10-17 00:00:00,2023-11-03 00:00:00,RE/MAX Treeland Realty
174,14, R2800540,5941 268 STREET,HousewithAcreage,2588,3,4,1999000,2023-07-21 00:00:00,2023-11-03 00:00:00,B.C. Farm & Ranch Realty Corp.
175,15, R2829753,4886 223B STREET,House,3050,4,4,1548000,,2023-11-02 00:00:00,One Percent Realty Ltd.
176,16, R2822069,3160 271 STREET,House,1750,4,2,1185000,2023-10-05 00:00:00,2023-11-02 00:00:00,Century 21 Coastal Realty Ltd.
177,17, R2826180,19640 76A AVENUE,House,2803,5,4,1635000,2023-10-19 00:00:00,2023-11-02 00:00:00,RE/MAX Dream Home Realty
178,18, R2829562,4692 208B STREET,House,2043,3,3,1299999,,2023-11-02 00:00:00,Century 21 Coastal Realty Ltd.
179,19, R2828435,7654 211B STREET,House,3439,5,5,1770000,,2023-11-01 00:00:00,Royal LePage Northstar Realty (S. Surrey)
180,0, R2828700,7813 211B STREET,FreeholdNonStrata,2352,4,4,1299900,,2023-11-01 00:00:00,RE/MAX Treeland Realty
181,1, R2829506,21513 85A COURT,House,2622,4,3,1585000,,2023-11-01 00:00:00,RE/MAX Treeland Realty
182,2, R2829340,19889 42A AVENUE,House,3046,5,4,2198000,,2023-11-01 00:00:00,Royal LePage - Wolstencroft
183,3, R2829324,19760 51 AVENUE,House,2000,3,3,1200000,,2023-11-01 00:00:00,Macdonald Realty (Surrey/152)
184,4, R2829063,20078 27A AVENUE,House,4086,7,6,2588888,,2023-11-01 00:00:00,eXp Realty (Branch)
185,5, R2829140,20058 74TH AVENUE,House,3671,7,4,1658880,,2023-11-01 00:00:00,Royal LePage Brent Roberts Realty
186,6, R2829281,4551 206 STREET,House,2633,5,3,1298000,,2023-11-01 00:00:00,Royal LePage - Wolstencroft
187,7, R2776616,# 214 5678 199 STREET,Townhouse,1802,2,2,1198000,2023-05-12 00:00:00,2023-11-01 00:00:00,Royal LePage - Wolstencroft
188,8, R2816288,9067 TRATTLE STREET,House,4496,4,4,2299999,2023-09-18 00:00:00,2023-11-01 00:00:00,Stonehaus Realty Corp.
189,9, R2827736,22070 46 AVENUE,House,2936,5,3,1648000,,2023-10-31 00:00:00,RE/MAX Treeland Realty
190,10, R2829187,3131 268 STREET,FreeholdStrata,2632,3,4,1198000,,2023-10-31 00:00:00,Zolo Realty
191,11, R2828948,20642 87 AVENUE,House,2504,5,4,1399000,,2023-10-31 00:00:00,Homelife Advantage Realty Ltd.
192,12, R2828401,6721 238 STREET,HousewithAcreage,2430,6,3,2199900,,2023-10-30 00:00:00,Century 21 Creekside Realty
193,13, R2828588,6922 197A STREET,House,3474,5,4,1798000,,2023-10-30 00:00:00,RE/MAX Treeland Realty
194,14, R2828163,4720 203 STREET,House,2187,4,3,1399000,,2023-10-27 00:00:00,Stonehaus Realty Corp.RE/MAX Colonial Pacific RealtyRE/MAX Colonial Pacific Realty
195,15, R2828169,22784 88 AVENUE,House,2727,4,3,2088000,,2023-10-27 00:00:00,Macdonald Realty (Langley)
196,16, R2828332,8351 203A STREET,House,3046,5,4,1818888,,2023-10-27 00:00:00,eXp Realty (Branch)
197,17, R2828106,20924 81 AVENUE,House,2593,6,4,1488000,,2023-10-26 00:00:00,RE/MAX City Realty
198,18, R2827899,4608 207A STREET,House,1467,3,2,1499000,,2023-10-26 00:00:00,Sutton Group-Alliance R.E.S.
199,19, R2827880,8243 202B STREET,House,2664,5,4,1449900,,2023-10-26 00:00:00,Oakwyn Realty Ltd. (Branch)
200,0, R2827874,# #39 24455 61 AVENUE,House,4390,4,5,2694000,,2023-10-26 00:00:00,Macdonald Realty (Surrey/152)
201,1, R2784892,21335 OLD YALE ROAD,House,3384,4,3,1500000,2023-06-06 00:00:00,2023-10-26 00:00:00,Royal LePage - Wolstencroft
202,2, R2823140,24555 44 AVENUE,HousewithAcreage,4068,5,5,2899900,2023-10-10 00:00:00,2023-10-25 00:00:00,RE/MAX Treeland Realty
203,3, R2801236,21137 40 AVENUE,HousewithAcreage,2860,4,2,2499000,2023-07-25 00:00:00,2023-10-25 00:00:00,Century 21 Supreme Realty Inc.
204,4, R2827617,22169 OLD YALE ROAD,House,5624,7,7,2898888,,2023-10-25 00:00:00,Nationwide Realty Corp.
205,5, R2827569,# 17 8068 207 STREET,Townhouse,1847,3,4,1062899,,2023-10-25 00:00:00,Sutton Group-West Coast Realty
206,6, R2827415,# 1 22306 50 AVENUE,House,2001,3,3,1419000,,2023-10-24 00:00:00,Macdonald Realty (Surrey/152)
207,7, R2826855,7693 211A STREET,House,2696,5,4,1529000,,2023-10-23 00:00:00,RA Realty Alliance Inc.
208,8, R2826935,21684 95 AVENUE,House,3133,5,4,1428000,,2023-10-23 00:00:00,Sutton Group - 1st West Realty
209,9, R2826656,26753 30 AVENUE,House,2446,5,3,1200000,,2023-10-23 00:00:00,eXp Realty (Branch)
210,10, R2827058,20812 43 AVENUE,House,2595,5,3,1524000,,2023-10-23 00:00:00,Stonehaus Realty Corp.
211,11, R2813506,24211 52 AVENUE,House,2336,4,3,1889000,2023-09-08 00:00:00,2023-10-23 00:00:00,Vybe Realty
212,12, R2822300,19725 68B AVENUE,House,4065,6,5,1699000,2023-10-05 00:00:00,2023-10-20 00:00:00,RE/MAX Treeland Realty
213,13, R2826434,20807 93 AVENUE,House,1337,3,2,1424999,,2023-10-20 00:00:00,Oakwyn Realty Ltd. (Branch)
214,14, R2824830,2818 202 STREET,House,4371,6,6,2520000,,2023-10-20 00:00:00,Homelife Benchmark Realty Corp. (Branch)
215,15, R2826297,# 7 20763 76 AVENUE,Townhouse,2092,4,4,1120000,,2023-10-19 00:00:00,eXp Realty
216,16, R2826217,20431 40B AVENUE,House,2910,6,4,1499900,,2023-10-19 00:00:00,Century 21 Coastal Realty Ltd.
217,17, R2826210,20219 52 AVENUE,House,1521,4,2,1274900,,2023-10-19 00:00:00,Century 21 Coastal Realty Ltd.
218,18, R2826021,24980 59 AVENUE,HousewithAcreage,3800,4,4,2528000,,2023-10-19 00:00:00,RE/MAX Treeland Realty
219,19, R2825580,7520 205 STREET,House,3645,6,6,1899000,,2023-10-19 00:00:00,RE/MAX 2000 Realty
220,0, R2825221,7512 205 STREET,House,3645,6,6,1899000,,2023-10-19 00:00:00,RE/MAX 2000 Realty
221,1, R2762850,7272 252A CRESCENT,HousewithAcreage,3490,6,4,2350000,2023-03-28 00:00:00,2023-10-19 00:00:00,B.C. Farm & Ranch Realty Corp.
222,2, R2822097,9283 212B STREET,House,3134,7,4,1999888,2023-10-05 00:00:00,2023-10-19 00:00:00,Stonehaus Realty Corp.
223,3, R2825843,1125 252 STREET,House,2021,4,3,1789000,,2023-10-18 00:00:00,RE/MAX Lifestyles Realty (Langley)
224,4, R2815887,6927 201B STREET,House,3530,7,4,1649000,2023-09-14 00:00:00,2023-10-18 00:00:00,Nu Stream Realty Inc.
225,5, R2813609,4732 207A STREET,House,2019,4,3,1238880,2023-09-08 00:00:00,2023-10-17 00:00:00,Royal LePage Brent Roberts Realty
226,6, R2825665,20732 46 AVENUE,House,2568,5,3,2198000,,2023-10-17 00:00:00,Sutton Group-Alliance R.E.S.
227,7, R2825395,19672 73C AVENUE,UnauthorizedSuite,3528,6,4,1599777,,2023-10-17 00:00:00,Sutton Group-Alliance R.E.S.
228,8, R2824980,20055 40A AVENUE,House,1649,3,2,2625000,,2023-10-17 00:00:00,Royal LePage - Wolstencroft
229,9, R2824906,4447 209 STREET,House,3772,7,5,2099000,,2023-10-16 00:00:00,Stonehaus Realty Corp.
230,10, R2824890,19965 44 AVENUE,House,6019,7,7,2588000,,2023-10-16 00:00:00,Royal LePage Northstar Realty (S. Surrey)
231,11, R2818341,23179 16 AVENUE,HousewithAcreage,2080,6,2,2299999,2023-09-26 00:00:00,2023-10-16 00:00:00,RE/MAX Nyda Realty Inc.
232,12, R2823750,8084 209A STREET,House,3134,6,5,1660000,,2023-10-16 00:00:00,Royal LePage - Wolstencroft
233,13, R2774429,20836 52 AVENUE,House,1386,3,2,1670000,2023-05-04 00:00:00,2023-10-16 00:00:00,Laboutique Realty
234,14, R2818669,1075 240 STREET,HousewithAcreage,1254,2,1,2100000,2023-09-26 00:00:00,2023-10-13 00:00:00,RE/MAX Treeland Realty
235,15, R2817052,7549 196A STREET,House,3865,4,5,1998888,2023-09-20 00:00:00,2023-10-13 00:00:00,Royal LePage - Wolstencroft
236,16, R2811204,23923 36A AVENUE,House,4333,6,7,2425000,2023-09-07 00:00:00,2023-10-13 00:00:00,Royal LePage - Wolstencroft
237,17, R2824662,27153 34 AVENUE,House,1907,3,2,1280000,,2023-10-13 00:00:00,Georgia Pacific Realty Corp.
238,18, R2824417,7613 197 STREET,House,3199,7,6,1678888,,2023-10-13 00:00:00,Royal LePage Global Force Realty
239,19, R2824402,4084 207A STREET,House,1825,4,2,1579000,,2023-10-13 00:00:00,Initia Real Estate
240,0, R2824329,20383 41 AVENUE,House,2904,5,2,1680000,,2023-10-12 00:00:00,Homelife Benchmark Realty (Langley) Corp.
241,1, R2824312,8120 211 STREET,House,2957,4,5,1568000,,2023-10-12 00:00:00,Sutton Group-West Coast Realty
242,2, R2824003,19674 73C AVENUE,UnauthorizedSuite,3101,5,4,1488888,,2023-10-12 00:00:00,Sutton Group-Alliance R.E.S.
243,3, R2822807,20240 27A AVENUE,House,6015,9,8,2588888,,2023-10-11 00:00:00,Royal LePage Global Force Realty
244,4, R2823916,7118 204A STREET,House,3685,6,6,2099888,,2023-10-11 00:00:00,RE/MAX Truepeak Realty
245,5, R2823685,LOT 1 215B STREET,House,5020,5,6,2975000,,2023-10-11 00:00:00,Momentum Realty Inc.
246,6, R2823577,4884 246A STREET,HousewithAcreage,1706,5,3,2688800,,2023-10-11 00:00:00,Royal LePage - Wolstencroft
247,7, R2823411,4531 198 STREET,House,2342,4,2,1429900,,2023-10-11 00:00:00,RE/MAX 2000 Realty
248,8, R2823295,19641 73A AVENUE,House,3230,5,4,1599000,,2023-10-11 00:00:00,Sutton Group-West Coast Realty (Langley)
249,9, R2823195,3214 266A STREET,House,2646,5,3,1275000,,2023-10-11 00:00:00,Keller Williams Ocean Realty
250,10, R2822387,# 3 20134 81A AVENUE,Townhouse,1512,4,3,1029900,,2023-10-11 00:00:00,MLA Fraser Valley Realty
251,11, R2822417,19910 55A AVENUE,House,2265,4,2,1590000,,2023-10-11 00:00:00,eXp Realty (Branch)
252,12, R2822504,6949 201A STREET,House,2595,4,4,1499900,,2023-10-11 00:00:00,Royal LePage West Real Estate Services
253,13, R2817663,20936 80B AVENUE,House,2836,4,4,1599900,2023-09-20 00:00:00,2023-10-11 00:00:00,Stonehaus Realty Corp.
254,14, R2823250,26453 32 AVENUE,House,1883,6,3,1199999,,2023-10-10 00:00:00,Westmont Realty Inc.
255,15, R2822797,19710 33 AVENUE,House,5614,9,9,2558888,,2023-10-10 00:00:00,Century 21 Coastal Realty Ltd.
256,16, R2815477,5452 232 STREET,House,2659,5,3,2099900,2023-09-14 00:00:00,2023-10-10 00:00:00,Royal LePage Little Oak Realty
257,17, R2811670,23276 FRANCIS AVENUE,House,3597,5,4,2098600,2023-09-05 00:00:00,2023-10-06 00:00:00,Royal LePage - Wolstencroft
258,18, R2822463,4168 204 B STREET,House,2291,4,3,1199000,,2023-10-06 00:00:00,RE/MAX Treeland Realty
259,19, R2822222,# 31 7891 211 STREET,House,3356,5,4,1538000,,2023-10-05 00:00:00,Homeland Realty
260,0, R2822145,2673 272A STREET,House,2885,5,4,1468888,,2023-10-05 00:00:00,Royal LePage Northstar Realty (S. Surrey)
261,1, R2822132,20158 27A AVENUE,House,5888,9,8,2599900,,2023-10-05 00:00:00,Century 21 Coastal Realty Ltd.
262,2, R2821908,3238 198 STREET,House,5730,8,9,2697800,,2023-10-05 00:00:00,RE/MAX 2000 Realty
263,3, R2810777,22948 88 AVENUE,House,1311,3,2,1499000,2023-09-05 00:00:00,2023-10-05 00:00:00,Sutton Group-West Coast Realty (Abbotsford)
264,4, R2821561,8850 216 STREET,House,2259,4,4,1199000,,2023-10-05 00:00:00,Royal LePage - Wolstencroft
265,5, R2819383,# 21 20321 80 AVENUE,Townhouse,1810,4,4,1098000,2023-09-26 00:00:00,2023-10-05 00:00:00,Sutton Group - 1st West Realty
266,6, R2821591,# 43 20763 76 AVENUE,Townhouse,2097,4,4,1239900,,2023-10-04 00:00:00,Royal LePage West Real Estate Services
267,7, R2821590,# 67 20763 76 AVENUE,Townhouse,1702,4,4,1069900,,2023-10-04 00:00:00,Royal LePage West Real Estate Services
268,8, R2821137,23698 FRASER HIGHWAY,House,6007,9,8,2449999,,2023-10-04 00:00:00,Sutton Group-Alliance R.E.S.
269,9, R2815700,4775 208 STREET,House,878,2,1,1495000,2023-09-14 00:00:00,2023-10-04 00:00:00,RE/MAX City Realty
270,10, R2821726,# 1 22466 72 AVENUE,House,4531,7,7,2589900,,2023-10-04 00:00:00,RE/MAX Treeland Realty
271,11, R2821660,20825 43 AVENUE,House,2926,5,3,1850000,,2023-10-04 00:00:00,RE/MAX Treeland Realty
272,12, R2817172,7363 202A STREET,House,3415,7,5,1669000,2023-09-19 00:00:00,2023-10-03 00:00:00,Homelife Benchmark Titus Realty
273,13, R2821109,20334 98A AVENUE,House,3806,7,5,1775000,,2023-10-03 00:00:00,eXp Realty (Branch)
274,14, R2821242,4851 206 STREET,House,1678,4,3,1322000,,2023-10-03 00:00:00,Coldwell Banker Universe Realty
275,15, R2808678,24258 16 AVENUE,HousewithAcreage,5320,7,4,2399303,2023-08-23 00:00:00,2023-10-03 00:00:00,Planet Group Realty Inc.Nationwide Realty Corp.
276,16, R2820637,22157 44A AVENUE,House,4431,6,5,2795000,,2023-09-30 00:00:00,Momentum Realty Inc.
277,17, R2820358,123 SPRINGFIELD DRIVE,House,1766,5,4,1049900,,2023-09-29 00:00:00,RE/MAX Aldercenter Realty
278,18, R2810010,20411 86 AVE,UnauthorizedSuite,2095,4,4,1299800,2023-08-28 00:00:00,2023-09-28 00:00:00,88West Realty
279,19, R2820047,19659 74 AVENUE,OtherSuite,2485,5,5,1349900,,2023-09-27 00:00:00,Century 21 AAA Realty Inc.
280,0, R2819820,25845 60 AVENUE,HousewithAcreage,3944,7,6,2599000,,2023-09-27 00:00:00,TRG The Residential Group Realty
281,1, R2819624,20815 34A AVENUE,House,3388,4,4,2274285,,2023-09-26 00:00:00,Qualico Realty
282,2, R2819593,20845 34A AVENUE,House,4249,5,5,2360000,,2023-09-26 00:00:00,Qualico Realty
283,3, R2819374,21044 78A AVENUE,House,2990,4,4,1688000,,2023-09-26 00:00:00,Sincere Real Estate Services
284,4, R2818920,3645 203 STREET,House,1728,3,2,1349900,,2023-09-25 00:00:00,RE/MAX Treeland Realty
285,5, R2818749,# 20 24455 61 AVENUE,House,4563,4,5,2590000,,2023-09-25 00:00:00,LeHomes Realty Premier
286,6, R2810081,# 96 7947 209 STREET,Townhouse,1897,4,4,1100000,2023-08-28 00:00:00,2023-09-25 00:00:00,Sutton Group - 1st West Realty
287,7, R2815199,19914 68 AVENUE,House,2177,5,3,1375000,2023-09-13 00:00:00,2023-09-22 00:00:00,Rexara Realty Inc.
288,8, R2817491,26138 56 AVENUE,HousewithAcreage,6230,7,5,2999888,,2023-09-22 00:00:00,B.C. Farm & Ranch Realty Corp.
289,9, R2818558,20527 GRADE CRESCENT,House,5445,8,7,2698000,,2023-09-22 00:00:00,"Angell, Hasman & Associates Realty Ltd."
290,10, R2787133,5255 199A STREET,House,1458,3,2,1489000,2023-06-12 00:00:00,2023-09-22 00:00:00,RE/MAX Treeland Realty
291,11, R2818136,4918 198B STREET,House,1296,3,0,1199000,,2023-09-21 00:00:00,Coldwell Banker Universe Realty
292,12, R2816728,23646 16 AVENUE,HousewithAcreage,1476,4,3,2495000,,2023-09-21 00:00:00,eXp Realty (Branch)
293,13, R2804676,20225 40 AVENUE,House,4238,5,4,1474777,2023-08-10 00:00:00,2023-09-21 00:00:00,Sutton Group-West Coast Realty (Surrey/120)
294,14, R2817615,8194 197 STREET,HousewithAcreage,2762,3,3,2960000,,2023-09-20 00:00:00,Royal LePage - Wolstencroft
295,15, R2809971,19955 48 AVENUE,House,2497,5,3,1499000,2023-08-29 00:00:00,2023-09-19 00:00:00,Royal LePage - Wolstencroft
296,16, R2816319,7521 205A STREET,House,4443,6,8,2049000,,2023-09-18 00:00:00,RE/MAX Dream Home Realty
297,17, R2816671,27239 29A AVENUE,House,1052,3,1,1688000,,2023-09-18 00:00:00,RE/MAX Blueprint Realty
298,18, R2816339,7505 205A STREET,House,3962,6,6,1849000,,2023-09-18 00:00:00,RE/MAX Dream Home Realty
299,19, R2816267,21613 44A AVENUE,House,1751,3,2,1288000,,2023-09-15 00:00:00,Team 3000 Realty Ltd.
300,0, R2816130,24260 46A AVENUE,House,2794,4,3,2648888,,2023-09-15 00:00:00,RE/MAX Treeland Realty
301,1, R2815815,7509 205A STREET,House,3492,6,6,1749000,,2023-09-15 00:00:00,RE/MAX Dream Home Realty
302,2, R2815799,26484 32 AVENUE,House,1990,4,3,1099000,,2023-09-15 00:00:00,Royal LePage Global Force Realty
303,3, R2815961,21182 80 AVENUE,House,2640,5,5,1488888,,2023-09-15 00:00:00,Sutton Group-West Coast Realty
304,4, R2815784,# 605 19953 76 AVENUE,Apartment,1232,3,2,1175900,,2023-09-14 00:00:00,Homelife Benchmark Realty (Langley) Corp.
305,5, R2814426,5004 203A STREET,House,3127,7,5,1550000,,2023-09-13 00:00:00,Century 21 Coastal Realty Ltd.
306,6, R2815113,3213 270 STREET,House,1714,4,3,1399900,,2023-09-13 00:00:00,RE/MAX Treeland Realty
307,7, R2815117,7243 199 STREET,House,3343,6,5,1799000,,2023-09-13 00:00:00,Jovi Realty Inc.
308,8, R2815249,26275 24 AVENUE,HousewithAcreage,3176,4,4,2999900,,2023-09-13 00:00:00,Westmont Realty Inc.
309,9, R2815356,24045 65 AVENUE,HousewithAcreage,2492,4,3,1998000,,2023-09-13 00:00:00,RE/MAX Treeland Realty
310,10, R2814669,1914 232 STREET,HousewithAcreage,6176,8,7,2990000,,2023-09-12 00:00:00,eXp Realty (Branch)
311,11, R2812951,4216 240 STREET,HousewithAcreage,950,3,1,2225000,,2023-09-11 00:00:00,eXp Realty (Branch)
312,12, R2814263,20173 48 AVENUE,House,2183,4,2,1549000,,2023-09-11 00:00:00,Keller Williams Realty VanCentral
313,13, R2795857,21708 50 AVENUE,House,7356,11,7,2398000,2023-07-06 00:00:00,2023-09-11 00:00:00,RE/MAX Treeland Realty
314,14, R2789809,26230 84 AVENUE,HousewithAcreage,2241,3,2,1875000,2023-06-22 00:00:00,2023-09-08 00:00:00,eXp Realty (Branch)
315,15, R2813289,25204 64 AVENUE,HousewithAcreage,2738,5,4,1999000,,2023-09-08 00:00:00,RE/MAX Treeland Realty
316,16, R2796010,100 238 STREET,HousewithAcreage,1567,3,2,2699000,2023-07-08 00:00:00,2023-09-08 00:00:00,B.C. Farm & Ranch Realty Corp.
317,17, R2801342,# 10 20451 84 AVENUE,Townhouse,1729,4,4,1050000,2023-07-26 00:00:00,2023-09-06 00:00:00,Emily Oh Realty
318,18, R2812688,20063 28 AVENUE,House,1800,3,3,1749800,,2023-09-06 00:00:00,Oneflatfee.ca
319,19, R2811182,25760 82 AVENUE,HousewithAcreage,4474,4,4,2599000,,2023-09-01 00:00:00,Sotheby's International Realty Canada
320,0, R2811192,8042 197 STREET,House,2276,3,3,2650000,,2023-09-01 00:00:00,Interlink Realty
321,1, R2810132,19984 44 AVENUE,House,1903,4,3,1449000,,2023-08-31 00:00:00,YPA Your Property Agent
322,2, R2810655,# 11 20763 76 AVENUE,Townhouse,2092,4,4,1250000,,2023-08-30 00:00:00,eXp Realty
323,3, R2810016,20133 27 AVENUE,House,5768,8,9,2649000,,2023-08-30 00:00:00,Century 21 Coastal Realty Ltd.
324,4, R2810058,9308 204A STREET,House,4341,5,5,2998600,,2023-08-29 00:00:00,Royal LePage - Wolstencroft
325,5, R2799464,27054 35A AVENUE,House,3413,7,4,1549900,2023-07-19 00:00:00,2023-08-29 00:00:00,Real Broker B.C. Ltd.
326,6, R2809906,2731 201 STREET,House,5566,9,9,2599000,,2023-08-28 00:00:00,Planet Group Realty Inc.
327,7, R2809157,6949 197 STREET,House,3788,6,4,1730000,,2023-08-23 00:00:00,Luxmore Realty
328,8, R2796107,20119 43A AVENUE,House,2852,4,3,1498800,2023-07-07 00:00:00,2023-08-23 00:00:00,Homeland Realty
329,9, R2808426,3248 198 STREET,House,5637,8,9,2649000,,2023-08-22 00:00:00,Sutton Premier Realty
330,10, R2808423,2728 201 STREET,House,5881,9,9,2599000,,2023-08-22 00:00:00,Planet Group Realty Inc.
331,11, R2792308,20403 86 AVENUE,3LevelSplit,2243,4,4,1439500,2023-06-26 00:00:00,2023-08-22 00:00:00,Nationwide Realty Corp.
332,12, R2808514,# 130 20820 87 AVENUE,Townhouse,2333,4,4,1068000,,2023-08-21 00:00:00,Royal LePage Little Oak Realty
333,13, R2807956,19814 34A AVENUE,House,1743,3,2,1549000,,2023-08-18 00:00:00,Century 21 Coastal Realty Ltd.
334,14, R2806412,4570 208 STREET,House,2253,4,3,2448800,,2023-08-16 00:00:00,Sutton Premier Realty
335,15, R2806408,4580 208 STREET,House,2724,5,3,1998000,,2023-08-16 00:00:00,Sutton Premier Realty
336,16, R2807214,4560 208 STREET,House,2296,5,2,2448800,,2023-08-16 00:00:00,Century 21 Supreme Realty Inc.
337,17, R2807267,20668 40 AVENUE,House,3420,8,6,1549000,,2023-08-16 00:00:00,Stonehaus Realty Corp.
338,18, R2783300,5279 199A STREET,House,1124,3,2,1489000,2023-05-31 00:00:00,2023-08-16 00:00:00,Century 21 Coastal Realty Ltd.
339,19, R2807041,24954 56 AVENUE,House,1615,2,2,1399000,,2023-08-15 00:00:00,Century 21 AAA Realty Inc.
340,0, R2806677,20091 28 AVENUE,House,1120,2,1,2100000,,2023-08-14 00:00:00,Century 21 Coastal Realty Ltd.
341,1, R2805746,20126 27A AVENUE,House,5946,9,9,2589000,,2023-08-14 00:00:00,Planet Group Realty Inc.
342,2, R2806317,26963 18 AVENUE,HousewithAcreage,2840,4,3,1988880,,2023-08-11 00:00:00,Royal LePage Brent Roberts Realty
343,3, R2806176,26657 FRASER HIGHWAY,House,2610,6,2,2999900,,2023-08-11 00:00:00,Homelife Advantage Realty (Central Valley) Ltd.
344,4, R2806124,20178 8 AVENUE,HousewithAcreage,2367,4,2,2199000,,2023-08-11 00:00:00,Century 21 Coastal Realty Ltd.
345,5, R2794968,21609 44A AVENUE,House,2028,4,2,1199000,2023-07-06 00:00:00,2023-08-11 00:00:00,Homelife Benchmark Realty (Langley) Corp.
346,6, R2806038,19783 54A AVENUE,House,1143,4,1,1499999,,2023-08-10 00:00:00,eXp Realty (Branch)eXp Realty (Branch)Stonehaus Realty Corp.
347,7, R2805921,19976 49 AVENUE,House,1802,4,2,1498000,,2023-08-10 00:00:00,RE/MAX Treeland Realty
348,8, R2805243,2712 201 STREET,House,5861,8,8,2899000,,2023-08-10 00:00:00,Macdonald Realty (Delta)
349,9, R2804724,5415 203 STREET,House,896,1,1,2149999,,2023-08-10 00:00:00,Sutton Premier Realty
350,10, R2800130,20236 52 AVENUE,House,1903,5,2,1550000,,2023-08-02 00:00:00,Macdonald Realty (Langley)
351,11, R2803404,19706 48 AVENUE,House,2688,6,4,1599900,,2023-08-01 00:00:00,RE/MAX City Realty
352,12, R2803053,19742 54A AVENUE,House,1970,4,2,1499999,,2023-07-31 00:00:00,eXp Realty (Branch)eXp Realty (Branch)Stonehaus Realty Corp.
353,13, R2803014,19751 54A AVENUE,House,2013,5,2,1499999,,2023-07-31 00:00:00,eXp Realty (Branch)eXp Realty (Branch)Stonehaus Realty Corp.
354,14, R2802750,LOT 8 215B STREET,House,4985,5,6,2845000,,2023-07-31 00:00:00,Momentum Realty Inc.
355,15, R2802754,LOT 9 215B STREET,House,5020,5,6,2895000,,2023-07-29 00:00:00,Momentum Realty Inc.
356,16, R2800844,19848 54 AVENUE,House,1270,3,1,1999000,,2023-07-28 00:00:00,Royal LePage Northstar Realty (S. Surrey)
357,17, R2802326,20994 OLD YALE ROAD,House,2501,3,2,1668800,,2023-07-27 00:00:00,Royal LePage - Wolstencroft
358,18, R2802234,# 105 5398 207 STREET,Townhouse,1268,3,3,1038000,,2023-07-27 00:00:00,Luxmore Realty
359,19, R2801504,20134 27A AVENUE,House,5874,9,9,2599000,,2023-07-25 00:00:00,Planet Group Realty Inc.
360,0, R2801369,7227 199A STREET,House,3519,6,6,1699000,,2023-07-25 00:00:00,Royal Pacific Realty (Kingsway) Ltd.
361,1, R2800550,19868 54 AVENUE,House,1650,0,1,1999000,,2023-07-24 00:00:00,Royal LePage Northstar Realty (S. Surrey)
362,2, R2774571,# 21 20763 76 AVENUE,Townhouse,1662,4,4,1030000,2023-05-04 00:00:00,2023-07-22 00:00:00,eXp Realty
363,3, R2800514,19850 54 AVENUE,House,1650,0,1,1999000,,2023-07-21 00:00:00,Royal LePage Northstar Realty (S. Surrey)
364,4, R2800642,# 101 5398 207 STREET,Townhouse,1378,3,3,1100000,,2023-07-21 00:00:00,Luxmore Realty
365,5, R2800299,4538 SOUTHRIDGE CRESCENT,House,2255,4,3,1599000,,2023-07-20 00:00:00,RE/MAX Treeland Realty
366,6, R2800027,8355 264 STREET,HousewithAcreage,2337,3,3,2299000,,2023-07-19 00:00:00,YPA Your Property Agent
367,7, R2799335,20207 52 AVENUE,2Storey,1301,3,2,1499000,,2023-07-19 00:00:00,Century 21 Coastal Realty Ltd.
368,8, R2799433,5424 207 STREET,House,1688,4,2,1950000,,2023-07-18 00:00:00,Royal Pacific Realty Corp.
369,9, R2799186,2723 201 STREET,House,5748,8,9,2599000,,2023-07-18 00:00:00,Sutton Group Seafair Realty
370,10, R2798069,3050 228 STREET,HousewithAcreage,2260,6,5,2988880,,2023-07-13 00:00:00,RE/MAX All Points Realty
371,11, R2797019,21050 72 AVENUE,House,4369,7,7,2099999,,2023-07-12 00:00:00,Keller Williams Ocean Realty
372,12, R2797356,2552 200 STREET,House,1118,2,1,2999000,,2023-07-12 00:00:00,Royal LePage Northstar Realty (S. Surrey)
373,13, R2706251,# LOT 14 19681 31A AVENUE,House,5493,8,8,2849999,2022-07-04 00:00:00,2023-06-30 00:00:00,Team 3000 Realty Ltd.
374,14, R2793602,4655 SADDLEHORN CRESCENT,HousewithAcreage,2502,3,3,2650000,,2023-06-29 00:00:00,Royal LePage - Wolstencroft
375,15, R2793166,2263 WILLOUGHBY WAY,House,1886,5,4,1199000,,2023-06-28 00:00:00,Interlink Realty
376,16, R2790884,20522 76B AVENUE,House,3033,6,5,1918000,,2023-06-24 00:00:00,Royal LePage Northstar Realty (S. Surrey)
377,17, R2790887,20513 76B AVENUE,House,3309,6,5,1958000,,2023-06-23 00:00:00,Royal LePage Northstar Realty (S. Surrey)
378,18, R2791140,6788 GLOVER ROAD,House,2950,6,2,1399000,,2023-06-22 00:00:00,RE/MAX Truepeak Realty
379,19, R2789079,4891 205A STREET,House,2120,6,3,1299000,,2023-06-15 00:00:00,Century 21 Coastal Realty Ltd.
380,0, R2785391,20993 80 AVENUE,FreeholdNonStrata,2245,4,4,1388800,2023-06-06 00:00:00,2023-06-15 00:00:00,Grand Central Realty
381,1, R2785725,19907 53 AVENUE,House,1300,3,1,1498888,,2023-06-09 00:00:00,YPA Your Property Agent
382,2, R2786505,20214 52 AVENUE,House,1238,2,1,1700000,,2023-06-09 00:00:00,Century 21 Coastal Realty Ltd.
383,3, R2787004,4964 207B STREET,BasementEntry,1754,3,1,1099000,,2023-06-09 00:00:00,Homelife Benchmark Realty (Langley) Corp.
384,4, R2784549,5340 199A STREET,House,2480,6,4,1895000,,2023-06-07 00:00:00,Century 21 Coastal Realty Ltd.
385,5, R2785696,5328 199 STREET,House,1152,3,1,1498888,,2023-06-07 00:00:00,Century 21 Coastal Realty Ltd.
386,6, R2784946,20290 52 AVENUE,House,2527,5,4,1725000,,2023-06-06 00:00:00,Century 21 Coastal Realty Ltd.
387,7, R2785324,5318 199 STREET,House,1127,3,1,1500000,,2023-06-06 00:00:00,RE/MAX City Realty
388,8, R2785451,# 20 20155 84 AVENUE,Townhouse,1497,4,4,1199000,,2023-06-06 00:00:00,Royal Pacific Tri-Cities Realty
389,9, R2784699,20218 52 AVENUE,House,1340,3,2,1749000,,2023-06-05 00:00:00,Century 21 Coastal Realty Ltd.
390,10, R2783719,20220 52 AVENUE,House,2003,3,2,1749000,,2023-06-02 00:00:00,Century 21 Coastal Realty Ltd.
391,11, R2783938,20951 45A AVENUE,House,2100,4,2,1999999,,2023-06-02 00:00:00,Royal LePage Fairstone Realty.
392,12, R2783253,19964 53 AVENUE,House,1498,3,2,1799000,,2023-05-31 00:00:00,Century 21 Coastal Realty Ltd.
393,13, R2782831,27337 32 AVENUE,House,4142,6,5,1499000,,2023-05-30 00:00:00,Planet Group Realty Inc.
394,14, R2782316,23850 FRASER HIGHWAY,House,2219,4,2,1588000,,2023-05-29 00:00:00,Century 21 Coastal Realty Ltd.
395,15, R2782122,4861 200 STREET,House,1500,3,2,2500000,,2023-05-29 00:00:00,Royal LePage - Wolstencroft
396,16, R2781693,20224 52 AVENUE,House,1577,3,1,2498000,,2023-05-27 00:00:00,Century 21 Coastal Realty Ltd.
397,17, R2780164,4875 200 STREET,House,1880,4,3,1600000,,2023-05-25 00:00:00,Royal LePage - Wolstencroft
398,18, R2780271,4851 200 STREET,House,1813,4,3,2100000,,2023-05-25 00:00:00,Royal LePage - Wolstencroft
399,19, R2780742,19625 75A AVENUE,House,3532,5,5,2300000,,2023-05-24 00:00:00,Momentum Realty Inc.
400,0, R2775200,# 2 8567 204 STREET,Townhouse,3363,4,5,1399000,2023-05-08 00:00:00,2023-05-19 00:00:00,LeHomes Realty Premier
401,1, R2778938,4945 224 STREET,House,1400,3,2,1799999,,2023-05-19 00:00:00,eXp Realty (Branch)
402,2, R2777827,20088 44 AVENUE,House,2062,4,3,1675000,,2023-05-16 00:00:00,Royal LePage - Wolstencroft
403,3, R2778146,# 3 19667 55A AVENUE,Townhouse,2120,4,4,1049900,,2023-05-16 00:00:00,Oakwyn Realty Ltd.
404,4, R2777020,3340 196A STREET,House,1744,3,3,1350000,,2023-05-12 00:00:00,Sutton Group-West Coast Realty (Surrey/24)
405,5, R2775646,20523 76A AVENUE,House,3033,6,5,1918000,,2023-05-10 00:00:00,Royal LePage Northstar Realty (S. Surrey)
406,6, R2769999,6892 GLOVER ROAD,House,900,4,1,1999000,,2023-04-25 00:00:00,RE/MAX Performance Realty
407,7, R2770002,6884 GLOVER ROAD,House,1626,7,2,1999000,,2023-04-25 00:00:00,RE/MAX Performance Realty
408,8, R2699630,2792 272A STREET,House,2418,6,3,1449000,2022-06-14 00:00:00,2023-03-29 00:00:00,Coldwell Banker Universe Realty
409,9, R2748741,5435 203 STREET,House,562,1,0,2700000,,2023-01-26 00:00:00,Oakwyn Realty Ltd.
410,10, R2748550,5445 203 STREET,House,1891,3,1,2700000,,2023-01-25 00:00:00,Oakwyn Realty Ltd.
